INSERT INTO category
    (id, name)
VALUES
    (1, '상의'),
    (2, '아우터'),
    (3, '바지'),
    (4, '스니커즈'),
    (5, '가방'),
    (6, '모자'),
    (7, '양말'),
    (8, '액세서리');

INSERT INTO brand
    (id, name)
VALUES
    (1, 'A'),
    (2, 'B'),
    (3, 'C'),
    (4, 'D'),
    (5, 'E'),
    (6, 'F'),
    (7, 'G'),
    (8, 'H'),
    (9, 'I');

INSERT INTO product
    (id, price, brand_id, category_id)
VALUES
    (1, 11200, 1, 1),
    (2, 5500, 1, 2),
    (3, 4200, 1, 3),
    (4, 9000, 1, 4),
    (5, 2000, 1, 5),
    (6, 1700, 1, 6),
    (7, 1800, 1, 7),
    (8, 2300, 1, 8),

    (9, 10500, 2, 1),
    (10, 5900, 2, 2),
    (11, 3800, 2, 3),
    (12, 9100, 2, 4),
    (13, 2100, 2, 5),
    (14, 2000, 2, 6),
    (15, 2000, 2, 7),
    (16, 2200, 2, 8),

    (17, 10000, 3, 1),
    (18, 6200, 3, 2),
    (19, 3300, 3, 3),
    (20, 9200, 3, 4),
    (21, 2200, 3, 5),
    (22, 1900, 3, 6),
    (23, 2200, 3, 7),
    (24, 2100, 3, 8),

    (25, 10100, 4, 1),
    (26, 5100, 4, 2),
    (27, 3000, 4, 3),
    (28, 9500, 4, 4),
    (29, 2500, 4, 5),
    (30, 1500, 4, 6),
    (31, 2400, 4, 7),
    (32, 2000, 4, 8),

    (33, 10700, 5, 1),
    (34, 5000, 5, 2),
    (35, 3800, 5, 3),
    (36, 9900, 5, 4),
    (37, 2300, 5, 5),
    (38, 1800, 5, 6),
    (39, 2100, 5, 7),
    (40, 2100, 5, 8),

    (41, 11200, 6, 1),
    (42, 7200, 6, 2),
    (43, 4000, 6, 3),
    (44, 9300, 6, 4),
    (45, 2100, 6, 5),
    (46, 1600, 6, 6),
    (47, 2300, 6, 7),
    (48, 1900, 6, 8),

    (49, 10500, 7, 1),
    (50, 5800, 7, 2),
    (51, 3900, 7, 3),
    (52, 9000, 7, 4),
    (53, 2200, 7, 5),
    (54, 1700, 7, 6),
    (55, 2100, 7, 7),
    (56, 2000, 7, 8),

    (57, 10800, 8, 1),
    (58, 6300, 8, 2),
    (59, 3100, 8, 3),
    (60, 9700, 8, 4),
    (61, 2100, 8, 5),
    (62, 1600, 8, 6),
    (63, 2000, 8, 7),
    (64, 2000, 8, 8),

    (65, 11400, 9, 1),
    (66, 6700, 9, 2),
    (67, 3200, 9, 3),
    (68, 9500, 9, 4),
    (69, 2400, 9, 5),
    (70, 1700, 9, 6),
    (71, 1700, 9, 7),
    (72, 2400, 9, 8);
